<?xml encoding="UTF-8" version="1.0"?>
<actions>
<action>
	<icon>Terminal</icon>
	<name>Open Terminal Here</name>
	<unique-id>1490120788467750-1</unique-id>
	<command>exo-open --working-directory %f --launch TerminalEmulator</command>
	<description>Example for a custom action</description>
	<patterns>*</patterns>
	<directories/>
</action>
<action>
	<icon>krusader_root</icon>
	<name>Open folder as root</name>
	<unique-id>1491329181632810-7</unique-id>
	<command>gksu thunar %f</command>
	<description>custom action 1</description>
	<patterns>*</patterns>
	<directories/>
</action>
<action>
	<icon>filefind</icon>
	<name>Find in this folder</name>
	<unique-id>1490120788467841-2</unique-id>
	<command>catfish --path=%f</command>
	<description>Search for files within this folder</description>
	<patterns>*</patterns>
	<directories/>
</action>
</actions>