<!--
  Default values for the X settings registry as described in
  http://www.freedesktop.org/wiki/Specifications/XSettingsRegistry
-->

<?xml version="1.0" encoding="UTF-8"?>
<channel name="xsettings" version="1.0">
  <property name="Net" type="empty">
    <property name="ThemeName" type="string" value="Numix"/>
    <property name="IconThemeName" type="string" value="Numix-Circle"/>
    <property name="DoubleClickTime" type="int" value="400"/>
    <property name="DoubleClickDistance" type="int" value="5"/>
    <property name="DndDragThreshold" type="int" value="8"/>
    <property name="CursorBlink" type="bool" value="true"/>
    <property name="CursorBlinkTime" type="int" value="1200"/>
    <property name="SoundThemeName" type="string" value="default"/>
    <property name="EnableEventSounds" type="bool" value="false"/>
    <property name="EnableInputFeedbackSounds" type="bool" value="false"/>
  </property>
  <property name="Xft" type="empty">
    <property name="DPI" type="empty"/>
    <property name="Antialias" type="int" value="-1"/>
    <property name="Hinting" type="int" value="-1"/>
    <property name="HintStyle" type="string" value="hintnone"/>
    <property name="RGBA" type="string" value="none"/>
    <!-- <property name="Lcdfilter" type="string" value="none"/> -->
  </property>
  <property name="Gtk" type="empty">
    <property name="CanChangeAccels" type="bool" value="false"/>
    <property name="ColorPalette" type="string" value="black:white:gray50:red:purple:blue:light blue:green:yellow:orange:lavender:brown:goldenrod4:dodger blue:pink:light green:gray10:gray30:gray75:gray90"/>
    <property name="FontName" type="string" value="Sans 10"/>
    <property name="IconSizes" type="string" value=""/>
    <property name="KeyThemeName" type="string" value=""/>
    <property name="ToolbarStyle" type="string" value="icons"/>
    <property name="ToolbarIconSize" type="int" value="3"/>
    <!-- <property name="IMPreeditStyle" type="string" value=""/> -->
    <!-- <property name="IMStatusStyle" type="string" value=""/> -->
    <!-- <property name="IMModule" type="string" value=""/> -->
    <property name="MenuImages" type="bool" value="true"/>
    <property name="ButtonImages" type="bool" value="true"/>
    <property name="MenuBarAccel" type="string" value="F10"/>
    <property name="CursorThemeName" type="string" value=""/>
    <property name="CursorThemeSize" type="int" value="0"/>
    <property name="DecorationLayout" type="string" value="menu:minimize,maximize,close"/>
  </property>
</channel>
